salinity,x_prime,y_prime
12.7600002288818,0.0,0.0
13.0299997329712,0.0,0.0
13.0600004196167,0.07243,0.56017
13.1099996566772,0.07243,0.56017
13.1700000762939,0.491824,0.505653
13.1499996185303,0.564254,1.065822
13.1700000762939,0.636683,1.625992
13.0600004196167,1.056078,1.571473
13.1800003051758,1.468829,1.517851
13.1899995803833,0.564254,1.065822
13.1999998092651,0.14486,1.120339
13.1300001144409,0.14486,1.120339
13.1700000762939,0.07243,0.56017
13.0799999237061,0.07243,0.56017
13.1300001144409,0.07243,0.56017
13.1700000762939,0.491824,0.505653
13.1800003051758,0.419395,-0.054517
13.1499996185303,0.0,0.0
13.1599998474121,0.07243,0.56017
13.1300001144409,0.0,0.614686
13.0500001907349,0.0,1.229373
13.0600004196167,0.07243,0.56017
13.039999961853,0.14486,1.120339
13.0600004196167,0.564254,1.065822
13.0299997329712,0.491824,0.505653
13.0600004196167,0.911219,0.451136
13.0900001525879,0.491824,0.505653
13.039999961853,0.491824,0.505653
12.9499998092651,0.0,0.614686
13.0,0.07243,0.56017
13.0100002288818,0.491824,0.505653
13.0200004577637,0.07243,0.56017
13.0299997329712,0.491824,0.505653
13.039999961853,0.911219,0.451136
12.9899997711182,1.32887,0.39684
12.9300003051758,1.258184,-0.16355
13.1000003814697,1.258184,-0.16355
13.6300001144409,0.911219,0.451136
13.2299995422363,0.491824,0.505653
13.1499996185303,0.564254,1.065822
13.1000003814697,0.983648,1.011305
13.5100002288818,2.240399,0.852283
13.7200002670288,2.657387,0.80024
13.1300001144409,2.657387,0.80024
13.0200004577637,2.170419,0.291777
13.210000038147,2.240399,0.852283
13.25,1.819624,0.904815
13.3999996185303,2.170419,0.291777
13.3299999237061,2.590061,0.239409
13.6400003433228,2.657387,0.80024
13.6000003814697,2.590061,0.239409
14.0299997329712,2.657387,0.80024
15.0799999237061,2.724714,1.361071
16.8899993896484,20.029876,8.335853
17.0300006866455,22.06846,8.238753
17.1000003814697,22.474475,8.786137
17.0900001525879,22.89817,8.769985
17.1299991607666,23.723002,9.304278
17.1599998474121,24.146789,9.290123
17.1800003051758,24.526686,9.277014
17.1700000762939,24.510517,8.712385
17.1700000762939,26.124582,6.973643
17.4400005340576,26.515792,6.964232
17.2800006866455,26.504939,6.399476
17.4099998474121,26.918012,5.826583
17.1200008392334,27.309451,4.124159
17.0100002288818,27.69774,2.988011
17.0300006866455,27.689527,2.42321
16.9200000762939,27.681331,1.858409
17.0599994659424,27.6731,1.293609
16.8099994659424,27.664887,0.728809
17.1399993896484,27.656673,0.164008
16.7000007629395,27.211764,-0.958636
16.8899993896484,27.19007,-2.088148
16.6900005340576,26.766103,-2.080001
17.9500007629395,26.755237,-2.644757
17.1299991607666,26.305378,-3.201063
16.75,26.291871,-3.765761
16.4799995422363,25.854442,-4.320327
17.2299995422363,25.840933,-4.885025
15.8000001907349,24.921627,-6.556854
15.5500001907349,24.49776,-6.544706
16.0100002288818,23.543771,-8.775319
13.960000038147,23.506079,-9.904407
17.8299999237061,23.487232,-10.468951
17.6900005340576,23.854498,-12.176746
20.5699996948242,25.638309,-13.355498
19.2900009155273,26.062229,-13.365641
16.3899993896484,28.299315,-13.968316
16.0599994659424,29.201152,-15.106601
18.1299991607666,31.95146,-14.546027
20.5200004577637,33.361993,-15.100856
18.2000007629395,33.786005,-15.095398
17.5499992370605,34.710956,-15.646888
16.5699996948242,35.640108,-16.194577
18.3999996185303,36.55854,-16.173765
18.6599998474121,37.475996,-16.149232
17.5400009155273,40.221637,-16.053421
20.5599994659424,42.893361,-14.796754
17.1900005340576,43.764047,-14.183096
17.8700008392334,46.849744,-12.854835
17.4699993133545,49.044955,-12.123867
17.0599994659424,50.758748,-11.413298
16.7399997711182,51.58426,-10.772691
17.7900009155273,52.404811,-10.129635
16.5900001525879,55.15533,-10.994996
16.5699996948242,64.60637,-20.721022
12.3699998855591,65.84724,-20.568987
16.7399997711182,66.648339,-20.468799
17.0,67.114656,-20.98011
16.7999992370605,67.915418,-20.882275
16.2900009155273,68.718819,-20.78627
17.5300006866455,71.730571,-19.867587
17.0699996948242,72.108221,-19.827136
18.0799999237061,90.124328,-8.424146
17.8099994659424,90.562308,-7.996867
17.8500003814697,91.523224,-8.373461
18.1800003051758,91.97868,-7.972812
18.5699996948242,92.446083,-7.581156
18.0100002288818,92.800295,-7.726708
17.8799991607666,93.873353,-7.668556
17.9500007629395,94.091771,-7.147638
17.8799991607666,94.368609,-7.314523
17.5599994659424,94.875136,-6.970341
17.8799991607666,95.209414,-7.146609
17.7700004577637,95.533237,-7.328352
17.9200000762939,96.050914,-7.00638
17.7000007629395,96.696404,-7.390514
17.6800003051758,96.960632,-7.589258
17.7999992370605,98.119152,-7.712033
17.7000007629395,98.371086,-7.925535
17.7099990844727,98.736116,-8.141188
20.6000003814697,99.520873,-8.105057
19.8400001525879,99.796529,-8.331658
21.3899993896484,100.117869,-8.562857
19.6800003051758,100.666229,-8.32603
18.9799995422363,100.901966,-8.56318
18.6100006103516,101.250945,-8.804217
17.6800003051758,102.036047,-8.833114
17.75,102.378567,-9.083258
18.6299991607666,102.939952,-8.88299
19.9500007629395,103.508665,-8.691266
20.9599990844727,103.734197,-8.951115
21.1399993896484,105.221136,-8.871314
19.8799991607666,105.807682,-8.711732
18.4300003051758,106.07647,-8.986341
18.4500007629395,107.536009,-8.981173
21.2700004577637,108.1371,-8.850174
19.1900005340576,109.353952,-8.608317
18.4699993133545,109.969205,-8.497062
23.9599990844727,111.91248,-8.200633
21.3999996185303,112.880759,-7.723974
19.5400009155273,113.291211,-7.335835
20.1100006103516,114.575637,-7.190289
19.2999992370605,114.938387,-6.809752
21.1800003051758,116.293955,-6.689541
23.4099998474121,116.669389,-6.317187
18.1599998474121,117.47993,-5.576635
21.1499996185303,117.75651,-5.898056
20.6800003051758,118.145726,-5.531191
20.0100002288818,118.974485,-4.802102
19.3500003814697,119.648235,-4.765613
18.7199993133545,120.083927,-4.406078
19.1000003814697,120.493563,-4.047328
19.1599998474121,120.931549,-3.690599
20.0300006866455,121.614483,-3.665175
19.4599990844727,122.476991,-2.959703
19.8899993896484,122.919332,-2.608364
20.3999996185303,123.348427,-2.259525
18.9400005340576,123.792817,-1.91079
20.6299991607666,125.116256,-0.874386
19.2800006866455,127.423506,-0.186801
19.8400001525879,127.87612,0.150101
20.3199996948242,128.329671,0.486832
20.5,128.787214,0.821717
20.0200004577637,129.954096,1.146346
22.9400005340576,130.875832,1.808704
22.5400009155273,133.673822,3.773524
19.8700008392334,134.136251,4.097923
22.2199993133545,134.858562,4.073395
20.9599990844727,135.804309,4.717166
21.5799999237061,136.269305,5.037911
22.2600002288818,136.993871,5.007891
22.1900005340576,137.460062,5.326886
22.1000003814697,138.652334,5.611189
21.8999996185303,139.140484,5.927025
20.8600006103516,140.335473,6.205011
21.9799995422363,140.805002,6.519071
21.9899997711182,141.297021,6.832074
21.9599990844727,142.002189,6.791365
20.8099994659424,143.454556,6.705281
19.2900009155273,143.927062,7.014847
20.2999992370605,144.652744,6.969193
21.9699993133545,145.851793,7.229619
21.8999996185303,146.326095,7.536408
19.8500003814697,147.756094,7.435495
21.1200008392334,148.252158,7.740634
20.2399997711182,148.4805,7.383335
21.7700004577637,149.680764,7.633624
21.1100006103516,151.108119,7.522565
22.2700004577637,151.812111,7.465816
21.5300006866455,153.734932,7.648546
22.4699993133545,154.438632,7.588363
22.3500003814697,155.639801,7.825084
20.2999992370605,156.361286,7.762239
22.3899993896484,157.563128,7.995293
21.9200000762939,158.266405,7.930235
22.6399993896484,159.46885,8.159442
22.5100002288818,159.950559,8.454432
21.9599990844727,161.37494,8.318298
22.0599994659424,161.875811,8.611344
22.4899997711182,162.578635,8.541678
22.6599998474121,164.002037,8.399976
22.2399997711182,164.722014,8.327981
22.6900005340576,166.628691,8.471866
22.5200004577637,167.833462,8.686479
22.0100002288818,169.038925,8.899249
22.5300006866455,169.740963,8.822368
22.0900001525879,171.162267,8.666714
21.6299991607666,171.881019,8.588113
21.4599990844727,172.368102,8.874128
21.8199996948242,173.300901,8.428691
21.8299999237061,174.00253,8.347689
21.4200000762939,175.208213,8.550901
22.2900009155273,175.696383,8.835032
23.0499992370605,176.903314,9.03568
22.25,177.604561,8.951989
22.9400005340576,178.811897,9.149714
22.8600006103516,179.530083,9.064519
22.8799991607666,180.019873,9.345876
22.7299995422363,180.720855,9.259541
22.6000003814697,181.718839,9.820941
22.7600002288818,182.419614,9.733294
22.7700004577637,183.138346,9.644668
22.9099998474121,183.83902,9.555721
22.4599990844727,184.839396,10.113612
22.0,185.539884,10.023368
23.0400009155273,186.750552,10.210036
22.2800006866455,187.242422,10.487746
22.9200000762939,188.45422,10.672073
22.9500007629395,188.946578,10.948878
23.0499992370605,190.366617,10.760877
22.9099998474121,190.879701,11.036487
23.0,191.785937,10.57072
23.2000007629395,192.504873,10.475085
23.0499992370605,192.998774,10.749189
23.3400001525879,193.904157,10.281761
22.2199993133545,194.622384,10.184016
23.1700000762939,195.835144,10.359018
22.4300003051758,196.534422,10.259805
22.9200000762939,197.233701,10.160586
23.2299995422363,198.85418,9.587932
22.3600006103516,199.570628,9.486493
22.8400001525879,200.98545,9.282506
22.5900001525879,201.684176,9.179456
23.2399997711182,202.89644,9.345144
22.2099990844727,203.594969,9.240809
21.8199996948242,204.310338,9.13617
23.3299999237061,205.506027,9.298299
21.3099994659424,205.707006,8.924928
23.3500003814697,206.919502,9.085095
22.3199996948242,207.634291,8.978068
22.9500007629395,208.332249,8.869866
22.5400009155273,209.744265,8.65262
23.3099994659424,210.441996,8.543114
22.0900001525879,211.15553,8.433361
22.2299995422363,211.853067,8.322552
21.9899997711182,212.550604,8.211738
21.1200008392334,213.263389,8.099976
22.7600002288818,213.960717,7.987851
22.9099998474121,214.158208,7.612624
23.25,214.672954,7.875389
23.3999996185303,215.370068,7.761947
23.25,216.58259,7.91
22.75,218.492447,7.940684
23.3600006103516,218.687794,7.564335
22.9099998474121,219.189122,7.824575
22.4799995422363,220.095314,7.331418
23.4500007629395,221.502042,7.096479
23.3299999237061,222.004382,7.354775
22.8799991607666,222.700603,7.235963
23.3999996185303,223.913629,7.374134
23.2999992370605,224.416484,7.63144
23.0799999237061,225.630694,7.767331
21.75,227.037239,7.523678
20.5900001525879,228.236603,7.656033
20.8700008392334,228.9473,7.532251
23.2900009155273,229.642561,7.4079
23.0900001525879,230.857558,7.536697
23.2000007629395,231.552561,7.410928
22.6700000762939,232.07325,7.664171
22.0900001525879,232.767986,7.536975
20.3099994659424,232.957297,7.157559
23.3999996185303,234.172618,7.281875
22.4200000762939,234.867099,7.15323
21.5900001525879,236.082816,7.274744
23.1499996185303,236.776993,7.144635
21.2800006866455,237.486209,7.014293
22.8299999237061,239.396139,6.999601
22.1900005340576,240.59726,7.11444
22.8799991607666,241.306184,6.980512
21.4699993133545,242.707699,6.711272
21.9200000762939,243.216324,6.956964
23.5699996948242,245.126557,6.928894
23.1200008392334,245.63573,7.173442
21.6900005340576,246.344457,7.035489
23.2000007629395,247.546606,7.139622
22.4500007629395,248.947255,6.858909
23.1399993896484,249.639352,6.71805
23.3500003814697,250.346838,6.575825
23.1200008392334,250.527755,6.192331
23.0100002288818,251.219522,6.049856
22.3500003814697,251.745305,6.290349
23.5200004577637,252.436738,6.146236
23.25,252.948159,6.386042
23.2700004577637,253.475536,6.625388
23.4099998474121,254.166624,6.47961
23.1299991607666,255.207649,6.956352
23.0100002288818,255.720232,7.193676
23.0799999237061,256.410942,7.046202
23.0699996948242,256.94165,7.283164
23.0599994659424,257.454791,7.519212
23.0499992370605,258.853784,7.220063
23.0599994659424,259.54375,7.06913
23.0200004577637,260.057508,7.303873
22.7900009155273,261.455455,6.99903
23.5599994659424,262.162948,6.846002
23.1900005340576,262.852128,6.691493
23.0400009155273,263.367102,6.923569
23.1499996185303,264.074302,6.768279
23.2000007629395,265.985552,6.685023
23.2000007629395,266.846013,6.139288
23.1100006103516,267.379809,6.368229
23.1299991607666,268.755607,6.048002
23.1200008392334,269.630029,5.498046
23.1000003814697,270.147514,5.724471
23.0699996948242,270.317472,5.335996
23.0900001525879,271.019756,5.173005
23.1299991607666,272.393722,4.844965
23.0599994659424,273.613165,4.902358
23.1200008392334,273.780877,4.512905
22.7199993133545,274.480332,4.345778
23.1700000762939,274.999783,4.567656
22.4899997711182,275.685782,4.39958
23.25,276.384652,4.229767
23.2000007629395,277.603563,4.279596
23.2999992370605,278.452654,3.716343
22.9599990844727,278.973461,3.935018
23.1700000762939,279.670353,3.761214
23.0400009155273,280.354754,3.586753
23.2299995422363,280.888587,3.80372
23.1700000762939,281.572432,3.627044
23.1800003051758,282.256268,3.450363
23.2199993133545,282.950934,3.272332
23.2000007629395,283.47384,3.485934
22.9400005340576,283.996748,3.699533
22.1399993896484,284.69191,3.518947
23.0699996948242,284.850916,3.125861
23.1100006103516,286.068116,3.155713
22.2999992370605,286.750116,2.972092
22.1299991607666,286.907758,2.578456
21.8099994659424,287.598252,2.394507
21.7199993133545,288.123367,2.602661
21.7600002288818,288.279598,2.208468
21.6000003814697,288.804699,2.416618
21.7000007629395,288.96094,2.022425
21.6800003051758,290.329618,1.646036
21.7299995422363,291.015701,1.456613
21.8500003814697,291.695661,1.26557
23.2800006866455,293.058941,0.880927
23.3099994659424,293.210775,0.485016
23.2700004577637,293.890001,0.291382
23.3099994659424,294.041427,-0.104709
23.0400009155273,294.569605,0.095507
22.5100002288818,295.776645,0.098707
22.0699996948242,297.131992,-0.299296
23.2099990844727,297.660547,-0.103165
23.3299999237061,298.484461,-0.702658
23.2600002288818,299.688099,-0.712447
23.3199996948242,301.035218,-1.124812
23.2600002288818,301.710316,-1.332376
22.7199993133545,303.71791,-1.964687
22.6399993896484,305.053056,-2.392482
23.2299995422363,305.725243,-2.609301
22.6200008392334,307.589783,-2.864303
23.4599990844727,308.245544,-3.085741
23.2000007629395,309.56747,-3.533094
23.2800006866455,310.773051,-3.58387
23.2900009155273,311.829362,-3.236439
23.1200008392334,311.959418,-3.640038
23.25,313.144578,-3.70121
23.3799991607666,313.400241,-4.509813
23.1299991607666,313.877774,-6.127145
23.0699996948242,313.756471,-7.510208
23.0499992370605,313.868835,-7.914543
23.1599998474121,313.857036,-9.702
23.0799999237061,315.78952,-8.630262
23.0400009155273,316.733596,-7.895795
23.3899993896484,317.788085,-7.572641
23.2700004577637,318.952733,-7.660098
22.7299995422363,319.574743,-7.908474
23.1100006103516,320.234827,-8.159947
23.0100002288818,322.172201,-8.920337
22.7800006866455,323.424017,-7.240956
22.9300003051758,324.370311,-6.533632
22.5499992370605,326.500837,-5.946581
23.3799991607666,327.047138,-5.802648
23.0699996948242,327.701443,-6.068729
22.9799995422363,328.331228,-6.337256
23.1900005340576,329.507682,-6.465795
23.0,330.055031,-6.325974
22.7299995422363,330.684633,-6.598134
23.0699996948242,331.232442,-6.460201
23.0300006866455,331.86218,-6.734096
23.0200004577637,332.410446,-6.597926
22.9799995422363,333.040453,-6.873492
22.9200000762939,333.589133,-6.738957
22.8400001525879,334.238804,-7.016238
22.7099990844727,334.768647,-6.883087
22.8199996948242,335.417554,-7.162147
22.7299995422363,335.517429,-7.574248
22.75,336.146804,-7.854797
20.75,337.326501,-8.004897
23.25,337.974128,-8.287015
23.2000007629395,338.604862,-8.570111
23.1200008392334,339.15471,-8.440743
23.0900001525879,339.786911,-8.724828
23.0100002288818,340.433469,-9.009322
22.7900009155273,340.970907,-8.881354
21.9200000762939,342.156891,-9.039414
22.9099998474121,342.802748,-9.325577
22.4599990844727,343.990733,-9.48545
21.3899993896484,344.535824,-9.358988
22.6499996185303,345.086429,-9.232782
22.7999992370605,345.637148,-9.106576
22.7800006866455,346.279681,-9.393865
22.6900005340576,347.475591,-9.55513
22.6399993896484,348.12085,-9.842437
22.6299991607666,349.224906,-9.59007
22.7299995422363,349.875925,-9.876924
22.6599998474121,350.42653,-9.750419
22.5900001525879,350.521494,-10.16368
22.6399993896484,351.080779,-10.036795
22.6299991607666,351.631249,-9.909814
21.25,352.288861,-10.195537
22.8199996948242,353.500373,-10.352809
23.1499996185303,355.265274,-10.378888
20.8199996948242,355.362418,-10.791645
19.4200000762939,356.032009,-11.074132
22.6299991607666,356.581649,-10.943631
19.4599990844727,357.804654,-11.092927
21.7999992370605,358.482636,-11.372404
21.1299991607666,359.031641,-11.239192
21.2700004577637,359.713943,-11.516882
21.1100006103516,360.363724,-11.79386
21.2000007629395,360.464918,-12.205637
21.5499992370605,361.154282,-12.480718
22.6499996185303,362.396573,-12.61703
22.1599998474121,362.500478,-13.028132
19.8299999237061,363.748641,-13.159761
22.7099990844727,363.85411,-13.570472
22.3400001525879,364.45463,-13.429348
22.8899993896484,365.712281,-13.553658
22.8500003814697,366.25822,-13.408737
22.3299999237061,366.974339,-13.672818
22.5400009155273,367.63033,-13.934795
22.7199993133545,369.51152,-13.894482
21.8099994659424,369.626144,-14.302745
22.6100006103516,370.170038,-14.150101
21.8400001525879,370.786462,-13.996411
22.2399997711182,371.563015,-14.656262
22.5400009155273,372.18439,-14.499073
22.9300003051758,372.845584,-14.747692
22.9400005340576,373.590835,-14.993838
22.8700008392334,374.253363,-15.238721
22.3999996185303,376.303485,-15.553401
22.4699993133545,377.604793,-15.619124
22.75,377.733267,-16.023225
22.4599990844727,378.503285,-16.255126
22.8400001525879,379.171616,-16.483886
22.6200008392334,380.618456,-16.935105
22.5100002288818,381.402472,-17.156746
22.5699996948242,381.9374,-16.975127
22.6200008392334,382.725535,-17.192336
22.6100006103516,383.398253,-17.40765
22.6399993896484,384.193028,-17.619443
22.5900001525879,384.867259,-17.830056
22.4899997711182,385.523858,-17.637724
21.7700004577637,385.668509,-18.036332
22.0100002288818,386.199567,-17.843593
22.3400001525879,387.004269,-18.045269
21.7099990844727,387.533955,-17.848748
22.3700008392334,388.870102,-17.84548
22.5799999237061,390.361011,-18.229098
22.2199993133545,391.177478,-18.415912
21.9099998474121,391.702684,-18.207798
20.0900001525879,391.997911,-18.601924
19.8099994659424,392.680704,-18.783098
22.5400009155273,393.506332,-18.963456
22.7600002288818,394.028384,-18.747629
22.5799999237061,394.712489,-18.923446
22.6700000762939,395.020957,-19.314168
22.5100002288818,395.706403,-19.484961
22.7399997711182,396.541496,-19.654039
19.5400009155273,398.067624,-19.983072
22.0499992370605,398.238639,-20.371132
20.3799991607666,399.097583,-20.91933
21.9699993133545,399.773055,-20.688026
22.7000007629395,399.947008,-21.074747
22.8999996185303,400.799038,-21.229677
22.6700000762939,400.975927,-21.615098
22.8400001525879,402.704606,-22.297077
22.7900009155273,403.216228,-22.057493
22.7199993133545,404.07788,-22.200304
21.1399993896484,404.26066,-22.58295
21.1100006103516,404.953208,-22.722028
21.8700008392334,405.136015,-23.104586
21.6100006103516,405.820657,-22.858226
21.3299999237061,406.328484,-22.610837
22.4200000762939,406.514251,-22.992006
22.7000007629395,407.38426,-23.123027
22.3899993896484,408.078855,-23.251522
21.1200008392334,408.267486,-23.631246
22.7199993133545,408.951153,-23.37749
20.5799999237061,409.838226,-23.879002
22.9799995422363,410.715283,-23.998667
21.9599990844727,411.606151,-24.493392
22.9400005340576,412.487723,-24.606874
20.9200000762939,413.569873,-25.09464
22.5200004577637,414.268008,-25.202259
23.0799999237061,414.966066,-25.309637
22.7000007629395,415.356802,-25.682587
17.6100006103516,416.754697,-25.887152
21.8199996948242,417.644984,-25.984336
23.0599994659424,418.344606,-26.081397
23.1299991607666,418.743284,-26.45167
23.0100002288818,419.235424,-26.174419
22.9799995422363,419.935784,-26.26642
22.8999996185303,420.14406,-26.635763
22.9699993133545,421.037655,-26.723368
23.25,421.248556,-27.091258
22.9899997711182,422.144189,-27.178371
21.6700000762939,422.845838,-27.260478
19.1900005340576,423.547402,-27.342373
22.9500007629395,424.443393,-27.421113
22.9799995422363,425.361637,-27.862902
21.2000007629395,426.259626,-27.936767
23.0400009155273,426.96223,-28.008837
23.1399993896484,427.859436,-28.079455
23.0499992370605,428.341448,-27.784927
22.5,429.044627,-27.852072
23.3700008392334,429.938764,-27.916521
22.1700000762939,430.866006,-28.339178
22.8400001525879,431.535348,-28.040567
22.4599990844727,432.465462,-28.457055
22.0300006866455,433.169446,-28.514565
22.0100002288818,433.835434,-28.210431
21.7999992370605,434.063943,-28.567697
21.3500003814697,435.661112,-28.671356
21.3600006103516,436.135082,-28.363979
21.8899993896484,436.596614,-29.075429
21.8299999237061,437.490043,-29.122571
21.7000007629395,437.723172,-29.476847
21.8400001525879,438.195058,-29.166395
21.7700004577637,438.900003,-29.210072
19.7999992370605,439.133127,-29.564249
21.9799995422363,439.791887,-29.250946
22.2600002288818,440.497187,-29.29021
22.1900005340576,440.967116,-28.976653
19.4500007629395,441.854906,-29.01297
20.6200008392334,443.91202,-28.76334
22.3299999237061,444.617778,-28.793801
22.4500007629395,445.083728,-28.474416
22.0200004577637,446.427269,-28.180333
21.3500003814697,447.764434,-27.883874
22.7800006866455,448.470465,-27.905861
22.8500003814697,448.932537,-27.580912
22.1900005340576,449.638608,-27.602727
22.8899993896484,450.261601,-27.275589
22.9200000762939,450.721812,-26.947955
22.8999996185303,451.673929,-27.311036
22.7800006866455,452.290635,-26.982189
22.8299999237061,452.538626,-27.32619
22.25,453.24486,-27.339856
20.8600006103516,454.31351,-26.679181
22.4899997711182,455.019789,-26.688874
22.6499996185303,455.726129,-26.698484
22.3799991607666,456.18242,-26.3655
22.9099998474121,456.784738,-26.031526
23.0799999237061,457.491122,-26.037234
22.7099990844727,459.499922,-25.709785
22.4899997711182,459.246143,-25.370011
20.7600002288818,459.499922,-25.709785
21.4799995422363,459.753595,-26.04955
21.3600006103516,460.459964,-26.051301
22.7600002288818,460.713695,-26.391032
21.6599998474121,461.562819,-26.391142
23.3999996185303,462.013618,-26.050742
23.2099990844727,462.975552,-26.38704
21.3400001525879,463.822028,-26.383987
23.1100006103516,464.079416,-26.721026
23.6700000762939,465.491967,-26.709402
21.9599990844727,465.941014,-26.366527
21.6900005340576,466.783195,-26.357048
23.2600002288818,467.489417,-26.347598
23.0300006866455,467.748552,-26.683267
21.0799999237061,468.586807,-26.673398
23.2099990844727,469.292948,-26.660498
23.2299995422363,470.705312,-26.634545
20.2900009155273,471.537965,-26.619076
23.2199993133545,472.244024,-26.602784
22.7000007629395,472.506311,-26.93593
22.9500007629395,473.212442,-26.919576
23.1399993896484,474.041357,-26.900947
22.9400005340576,474.747396,-26.881431
23.1100006103516,475.453397,-26.861874
23.6000003814697,477.689141,-26.796248
23.3199996948242,478.394983,-26.773573
23.4099998474121,480.358941,-26.36782
23.0300006866455,481.440022,-26.671295
23.4599990844727,482.145642,-26.642834
23.2600002288818,482.85139,-26.614342
23.2299995422363,484.097727,-26.228237
23.4899997711182,484.803279,-26.197003
23.1200008392334,485.508839,-26.165741
23.25,486.214481,-26.134453
23.2999992370605,486.748355,-25.77532
23.0900001525879,487.453791,-25.741412
23.0499992370605,488.429822,-26.033971
22.5699996948242,488.700359,-26.360459
21.9899997711182,489.502059,-26.326067
22.8099994659424,489.773826,-26.651584
22.9699993133545,490.750843,-26.94059
23.2199993133545,491.727977,-27.229552
22.4300003051758,492.097045,-27.555186
23.1100006103516,492.802244,-27.516206
23.4099998474121,495.011559,-27.398839
23.0900001525879,498.196922,-27.555236
21.6100006103516,498.90183,-27.511495
21.0599994659424,500.156927,-28.113116
23.25,500.43199,-28.435802
23.1100006103516,502.208731,-28.665781
23.0100002288818,502.913512,-28.619752
23.1499996185303,504.134575,-28.203757
23.2600002288818,505.543864,-28.107348
23.2399997711182,505.971373,-27.738176
23.25,506.481359,-27.368562
23.2199993133545,507.334255,-26.627688
23.0599994659424,508.187069,-25.886794
22.7399997711182,508.613567,-25.51634
23.1700000762939,509.259841,-24.455273
23.1399993896484,508.91028,-24.1352
21.6299991607666,509.406191,-23.764281
22.8299999237061,509.977931,-22.701604
23.1000003814697,510.12428,-22.010609
23.2199993133545,510.695936,-20.947922
22.5699996948242,510.842403,-20.256924
22.9099998474121,511.135002,-18.874928
23.3199996948242,511.427759,-17.49293
23.3500003814697,511.85308,-17.121231
22.5499992370605,511.999411,-16.430231
23.3099994659424,512.145808,-15.739231
21.6900005340576,512.334863,-15.047792
23.2999992370605,512.75915,-14.674898
22.7800006866455,512.903559,-13.98349
22.2600002288818,513.047951,-13.292081
23.1299991607666,513.616642,-12.227773
21.9400005340576,513.761,-11.536363
21.4899997711182,514.609594,-10.790559
23.5,515.20512,-9.726063
22.9500007629395,515.770847,-8.660192
23.1100006103516,515.913336,-7.968387
22.2399997711182,516.479051,-6.902513
22.2000007629395,516.902309,-6.528443
23.2399997711182,517.468065,-5.462566
21.2900009155273,517.891314,-5.088494
22.6399993896484,518.186222,-3.704713
23.3899993896484,518.608472,-3.32951
23.2600002288818,518.889718,-1.945139
23.1399993896484,519.311966,-1.569934
23.4200000762939,519.593213,-0.185562
21.1299991607666,520.015464,0.189643
23.6100006103516,520.578336,1.257034
20.8600006103516,520.718958,1.949219
21.9899997711182,521.273953,3.016986
23.5100002288818,521.412763,3.709537
23.3400001525879,521.834032,4.085845
23.1900005340576,522.394119,5.154704
23.1800003051758,522.815381,5.531011
23.0499992370605,523.375462,6.599868
22.4500007629395,523.79673,6.976173
23.0799999237061,524.336356,8.045477
21.3799991607666,525.176974,8.800236
20.8700008392334,525.734337,9.870516
21.8600006103516,526.154645,10.247893
22.5100002288818,526.711993,11.31817
20.9300003051758,527.658035,12.766929
20.8199996948242,528.21274,13.83859
23.2900009155273,529.051487,14.595428
23.1000003814697,529.606195,15.667083
23.4699993133545,530.025568,16.045497
21.3600006103516,530.538907,17.117763
23.3700008392334,530.672584,17.811329
21.4799995422363,531.091042,18.190764
23.3600006103516,531.509524,18.570198
22.2600002288818,531.643181,19.263763
22.9599990844727,532.898528,20.40205
22.0400009155273,533.032159,21.095612
23.1900005340576,533.299469,22.482737
22.1299991607666,534.213623,23.937144
22.9699993133545,534.345664,24.631023
23.1399993896484,534.895248,25.70532
23.1800003051758,534.609705,26.01878
22.9899997711182,534.741728,26.712658
22.8500003814697,534.873786,27.406536
22.8799991607666,535.137834,28.794291
21.7199993133545,535.269812,29.488168
22.7900009155273,535.116285,30.495507
22.6800003051758,535.248347,31.189384
22.9400005340576,535.797927,32.263673
22.8199996948242,536.215451,32.644082
22.25,537.104123,34.100226
22.9200000762939,537.234592,34.794407
23.2700004577637,537.781649,35.869969
22.9400005340576,538.198383,36.251347
23.3799991607666,538.745498,37.326899
22.6100006103516,538.875874,38.021076
22.4899997711182,539.292602,38.402445
22.5100002288818,539.422923,39.096621
22.6499996185303,539.553446,39.790796
23.3299999237061,539.267188,40.103606
23.1100006103516,539.397554,40.797782
23.2099990844727,539.721745,41.179401
23.0200004577637,539.527971,41.491957
22.5699996948242,539.721745,41.179401
21.7999992370605,540.137567,41.561724
21.1299991607666,540.553391,41.944044
21.8199996948242,541.256139,42.014203
22.6399993896484,541.958984,42.084351
20.7299995422363,542.661766,42.15449
22.9799995422363,542.855859,41.842531
21.8600006103516,544.134768,41.291198
23.0200004577637,544.83736,41.362894
21.6599998474121,546.604286,40.189911
22.6599998474121,546.892665,39.879007
22.6299991607666,548.045962,38.635373
22.7099990844727,548.748464,38.70857
22.6100006103516,549.823051,37.466407
22.9300003051758,550.400966,36.845808
23.0,551.681162,36.29988
22.9599990844727,552.259151,35.679265
23.0499992370605,552.764986,35.059568
22.5100002288818,553.633832,34.130455
22.5699996948242,554.213072,33.51104
20.5799999237061,554.502701,33.201331
22.6200008392334,555.371456,32.272198
20.0900001525879,555.886906,31.653475
20.5900001525879,556.75762,30.726113
19.9300003051758,556.636083,30.030324
19.6000003814697,557.216557,29.412078
20.0499992370605,558.087206,28.484703
19.1499996185303,558.377472,28.175576
21.2600002288818,558.903516,27.557577
22.5900001525879,559.19436,27.249031
22.5699996948242,560.066889,26.323388
22.6299991607666,560.357723,26.014838
21.6399993896484,560.939407,25.397737
23.75,562.174833,24.859859
23.7099990844727,562.466227,24.551876
21.3600006103516,563.167873,24.632167
23.4899997711182,563.75087,24.016196
23.3700008392334,565.293845,23.172544
22.5699996948242,567.152517,22.024434
22.9200000762939,567.444513,21.717001
23.3700008392334,568.028589,21.102133
23.6700000762939,568.574932,20.487334
23.4500007629395,569.275851,20.570267
23.5900001525879,570.562417,20.039423
23.6200008392334,570.854988,19.732535
23.1299991607666,572.10643,19.202224
23.0400009155273,572.692766,18.589526
22.5300006866455,572.985921,18.283177
22.2900009155273,573.865358,17.364124
21.2099990844727,574.451654,16.751421
21.8299999237061,575.416357,16.529857
22.4699993133545,575.710088,16.224036
22.2600002288818,576.003739,15.918215
21.3099994659424,577.292281,15.392045
20.4899997711182,577.585988,15.086221
21.9099998474121,579.142975,14.255562
23.4899997711182,579.731491,13.644959
22.7600002288818,580.319988,13.034354
22.4699993133545,581.315161,12.815765
24.3700008392334,582.177194,11.900707
23.9400005340576,582.877987,11.988645
22.9599990844727,583.172766,11.683856
23.5699996948242,583.873546,11.771792
22.6800003051758,584.869119,11.554937
23.5100002288818,586.140591,11.035258
23.8400001525879,586.435879,10.730975
22.5200004577637,587.431822,10.515828
22.8600006103516,588.132459,10.604965
22.2000007629395,588.41036,10.30085
23.3700008392334,589.11085,10.391173
23.4599990844727,589.811342,10.481496
23.5599994659424,590.40298,9.873927
22.9599990844727,591.787225,10.054832
23.7000007629395,592.083538,9.751541
23.6900005340576,593.080217,9.539738
23.6700000762939,593.376519,9.236447
23.5699996948242,594.076869,9.327933
23.5100002288818,594.373189,9.024641
20.1599998474121,594.669509,8.721349
23.5799999237061,595.248832,8.115251
23.8400001525879,595.545662,7.812447
23.8099994659424,595.842473,7.509642
23.2399997711182,596.139281,7.206837
23.8999996185303,596.436098,6.904033
23.8299999237061,596.732915,6.601227
23.7600002288818,597.136287,6.996669
23.7000007629395,597.433104,6.693864
23.5300006866455,598.716926,6.181595
23.4599990844727,599.014225,5.879272
23.1100006103516,598.611491,5.483177
23.3700008392334,598.908794,5.180853
23.5900001525879,599.206108,4.878529
23.5699996948242,599.503421,4.576205
23.5200004577637,599.695297,3.575463
23.6599998474121,599.887178,2.57472
23.6900005340576,600.18449,2.272395
22.4699993133545,599.781756,1.876301
23.6499996185303,600.079063,1.573976
23.7199993133545,600.37637,1.271652
24.0599994659424,600.270946,0.573233
23.9200000762939,600.568253,0.270909
23.8899993896484,600.865559,-0.031415
23.8600006103516,601.162867,-0.333739
23.7099990844727,601.758978,-0.938161
24.0100002288818,602.056771,-1.240009
23.2000007629395,602.354557,-1.541858
23.6000003814697,602.652348,-1.843707
22.9500007629395,603.054445,-1.446969
23.1700000762939,603.352233,-1.748817
19.6399993896484,603.650022,-2.050666
23.3600006103516,604.349916,-1.955776
23.1299991607666,604.647702,-2.257624
23.3500003814697,604.945489,-2.559473
23.2299995422363,604.945489,-2.559473
23.3500003814697,605.247796,-2.860853
23.6200008392334,605.546056,-3.162231
23.4500007629395,606.142592,-3.764987
23.4599990844727,606.440862,-4.066366
22.4300003051758,607.33566,-4.9705
23.6900005340576,607.932185,-5.573255
23.9200000762939,608.640477,-5.476709
24.3099994659424,609.237948,-6.078534
24.1800003051758,609.638797,-5.680535
24.2700004577637,610.236272,-6.282359
23.9500007629395,610.935859,-6.185271
22.5699996948242,611.234592,-6.486183
24.0100002288818,611.84299,-7.087668
23.9500007629395,612.841642,-7.289954
23.75,614.240517,-7.093619
23.9400005340576,614.539709,-7.394069
23.9500007629395,615.549938,-7.595451
23.7999992370605,616.249231,-7.496216
23.9099998474121,617.547814,-7.996967
23.8799991607666,617.847479,-8.29696
23.7700004577637,618.859279,-8.496863
24.0499992370605,619.858536,-8.696112
24.0300006866455,620.557661,-8.595818
23.8400001525879,621.556909,-8.795063
23.5900001525879,621.870645,-9.094239
23.4899997711182,622.870187,-9.29199
22.9200000762939,623.569175,-9.19065
23.9899997711182,624.26816,-9.089309
22.3899993896484,625.679316,-8.885556
23.6299991607666,626.679152,-9.081821
23.8199996948242,627.377987,-8.979442
23.7000007629395,629.090027,-9.072143
23.8700008392334,629.788712,-8.968735
23.8199996948242,630.788842,-9.163525
23.9599990844727,632.501188,-9.253604
23.9500007629395,633.199692,-9.149174
23.9300003051758,634.20014,-9.342502
23.7700004577637,634.898632,-9.238069
23.7099990844727,635.610427,-9.132651
23.2000007629395,636.308805,-9.027207
23.4699993133545,637.007182,-8.921762
23.9599990844727,637.705561,-8.816316
23.7700004577637,638.101628,-8.413551
23.7800006866455,638.811987,-8.307285
23.2700004577637,639.510222,-8.200833
24.0100002288818,640.208437,-8.09438
23.8099994659424,640.511192,-8.391263
23.1100006103516,640.906681,-7.987926
22.0,642.011114,-7.477475
23.3299999237061,642.709188,-7.370021
23.75,643.40725,-7.262565
23.3999996185303,643.802156,-6.858662
22.8700008392334,644.591976,-6.050854
23.5699996948242,644.904207,-6.347224
23.3400001525879,645.692857,-5.538292
23.5699996948242,646.390765,-5.429839
23.0,647.483015,-4.916919
23.3600006103516,648.975277,-3.998346
23.5200004577637,649.279291,-4.293929
23.5300006866455,650.370808,-3.779455
23.2999992370605,650.764564,-3.374427
23.75,651.46695,-3.264923
23.4500007629395,652.164561,-3.154489
21.8899993896484,652.862166,-3.044055
23.3400001525879,653.559768,-2.93362
23.8199996948242,654.257372,-2.823185
23.6900005340576,654.958808,-2.712386
23.7299995422363,655.656258,-2.600966
22.8999996185303,655.961103,-2.895687
24.3600006103516,657.051161,-2.378125
23.7099990844727,657.356003,-2.672845
23.3299999237061,660.759455,-2.812665
24.3400001525879,661.460553,-2.699923
23.8600006103516,662.157684,-2.586538
23.8899993896484,663.160493,-2.767012
23.8299999237061,663.466167,-3.060872
23.7299995422363,664.1633,-2.947486
23.6900005340576,664.864418,-2.833536
23.75,667.652309,-2.376069
23.7700004577637,667.962153,-2.669121
24.3299999237061,669.35577,-2.438427
23.7399997711182,670.052575,-2.32308
23.1399993896484,670.749398,-2.207732
23.7099990844727,671.059415,-2.500522
23.8700008392334,671.756063,-2.384194
23.7099990844727,672.759624,-2.560433
23.7600002288818,673.149357,-2.151538
23.7000007629395,673.456268,-2.444105
22.8199996948242,674.545355,-1.918272
23.7700004577637,674.852681,-2.210406
23.5699996948242,675.938327,-1.683651
23.6900005340576,676.942133,-1.858475
23.3999996185303,677.948808,-2.032384
24.3799991607666,678.64513,-1.91409
23.8600006103516,679.341442,-1.795795
22.3799991607666,680.037759,-1.6775
23.8400001525879,680.736285,-1.558834
24.0499992370605,681.044433,-1.850097
23.9099998474121,682.744877,-1.902798
23.9400005340576,683.752124,-2.074607
23.0499992370605,684.139541,-1.663511
22.1000003814697,684.835522,-1.54324
24.1499996185303,686.227478,-1.302696
24.1000003814697,686.53604,-1.593521
23.5200004577637,686.925144,-1.182202
24.5599994659424,687.929926,-1.35132
24.2199993133545,688.238905,-1.641703
23.9699993133545,688.934711,-1.520437
23.6499996185303,689.630515,-1.399171
23.5100002288818,690.637549,-1.567215
23.6499996185303,691.023784,-1.15501
24.0900001525879,691.33318,-1.44495
23.8899993896484,692.415047,-0.910479
22.4699993133545,692.724441,-1.200418
24.0,694.812533,-0.83099
24.1200008392334,695.122347,-1.120482
23.3899993896484,696.204291,-0.584259
23.2600002288818,696.514524,-0.8733
24.6599998474121,697.52003,-1.038057
24.2299995422363,698.215303,-0.913773
24.0599994659424,698.910576,-0.789489
24.0400009155273,699.222391,-1.078406
24.9099998474121,700.923227,-1.116383
23.2099990844727,702.002748,-0.57719
23.8999996185303,702.314686,-0.865576
23.8799991607666,703.704493,-0.61291
23.9500007629395,704.399395,-0.486577
24.5300006866455,705.406352,-0.64806
22.8400001525879,706.101063,-0.520688
24.0100002288818,706.412578,-0.808347
23.5599994659424,707.418803,-0.968635
25.3099994659424,708.113516,-0.841263
20.9599990844727,709.745152,-1.574532
23.7800006866455,710.127722,-1.158922
22.7700004577637,711.134191,-1.317689
23.6200008392334,711.830524,-1.18826
24.0799999237061,712.837234,-1.345489
23.9899997711182,713.531557,-1.216006
23.4599990844727,714.227562,-1.086357
22.2299995422363,715.23451,-1.242029
25.3600006103516,715.928631,-1.111472
24.2399997711182,716.935582,-1.267142
25.0100002288818,717.250845,-1.553047
23.8199996948242,718.325398,-1.00402
24.7099990844727,718.638675,-1.289757
24.2800006866455,719.332591,-1.158111
22.6299991607666,720.341869,-1.311568
22.6399993896484,721.415548,-0.760832
24.3999996185303,721.795521,-0.342844
22.2000007629395,722.109252,-0.628082
25.3500003814697,722.802958,-0.495332
20.8099994659424,723.497246,-0.36148
25.2700004577637,725.577713,0.040132
25.3799991607666,726.270915,0.175008
23.1499996185303,726.964182,0.310017
25.5499992370605,728.350717,0.580036
25.4799995422363,728.664882,0.29614
25.4699993133545,729.357922,0.432308
21.0699996948242,730.744004,0.704645
23.2800006866455,732.12842,0.978458
25.0499992370605,732.821227,1.115807
25.5499992370605,733.514031,1.253155
21.8199996948242,733.891227,1.673654
22.9799995422363,734.204428,1.390826
24.4300003051758,736.658589,2.227636
22.25,737.03035,2.649295
22.1499996185303,738.414999,2.928857
22.1100006103516,738.731605,2.646816
21.5699996948242,739.79382,3.209057
21.3899993896484,740.168772,3.631559
22.2199993133545,740.485871,3.350093
22.2399997711182,741.177941,3.491129
22.1100006103516,742.23744,4.054913
21.5300006866455,742.555079,3.774036
21.6000003814697,743.938674,4.058676
23.3899993896484,745.25884,3.640236
22.7299995422363,745.95037,3.783872
22.2299995422363,747.015256,4.351413
22.9500007629395,747.698023,4.495763
23.2700004577637,748.7618,5.065383
24.3600006103516,749.453047,5.210366
21.8500003814697,750.824509,5.5022
21.75,751.515473,5.648569
22.0699996948242,751.88716,6.073949
22.9899997711182,752.258829,6.499329
24.6000003814697,752.936103,6.646763
23.1800003051758,755.04243,7.794921
24.8299999237061,755.362898,7.517249
23.9799995422363,756.053232,7.666509
22.9200000762939,756.423099,8.093442
23.1000003814697,757.113433,8.242698
23.4899997711182,757.785397,8.392881
24.1700000762939,758.106463,8.115911
22.6700000762939,759.486481,8.417449
23.0200004577637,760.1571,8.569071
23.7199993133545,760.525122,8.997649
23.4899997711182,761.214752,9.14998
23.5400009155273,761.904448,9.302307
23.3899993896484,762.249654,9.731095
23.9200000762939,762.57199,9.455607
23.75,763.950598,9.763496
23.6599998474121,764.981794,10.348051
23.6599998474121,767.062935,11.520594
23.5400009155273,767.386675,11.246696
23.4899997711182,767.751591,11.677936
23.5400009155273,768.763896,11.561367
23.8099994659424,769.422431,11.719647
23.9200000762939,770.798937,12.037855
23.7800006866455,771.455004,12.19743
23.7900009155273,772.142807,12.358352
23.7399997711182,774.17156,12.843035
23.7099990844727,774.533036,13.277145
23.6599998474121,775.546259,13.168574
23.6399993896484,775.87005,13.603444
23.6100006103516,776.556961,13.768132
23.6599998474121,777.24391,13.932809
23.5200004577637,778.218107,13.828532
23.4400005340576,778.545437,13.559037
23.2999992370605,779.231942,13.725671
23.4799995422363,779.590935,14.161798
23.6499996185303,779.877807,13.892616
23.6399993896484,780.921529,14.498451
23.6800003051758,781.24969,14.229908
23.6900005340576,781.89247,14.398819
23.6499996185303,782.221465,14.131273
23.0499992370605,782.577908,14.56953
22.8500003814697,783.592303,14.472664
23.5900001525879,785.24737,14.550987
23.3799991607666,786.216507,14.45872
22.8400001525879,786.570235,14.899191
23.0799999237061,787.868783,14.543781
23.0100002288818,788.552587,14.720978
22.7299995422363,789.870075,15.076363
22.7999992370605,790.553334,15.25583
22.1399993896484,791.866506,15.616277
22.1000003814697,792.199794,15.354095
22.0699996948242,792.882308,15.535874
22.3500003814697,793.215678,15.273673
23.3099994659424,795.486443,15.566593
23.2800006866455,797.126472,15.681293
23.4300003051758,798.143171,15.611834
22.6900005340576,798.764162,15.801952
22.7700004577637,799.101108,15.544649
22.9500007629395,799.781079,15.736335
22.6000003814697,800.39934,15.928826
22.8600006103516,801.416535,15.867148
22.8799991607666,802.032012,16.062178
23.5200004577637,802.371084,15.807527
23.7199993133545,803.049452,16.004535
22.8999996185303,803.388528,15.749851
23.3500003814697,804.001999,15.949008
23.6900005340576,804.679641,16.14877
23.3500003814697,805.294713,15.643085
23.3799991607666,805.630248,16.097553
23.4599990844727,806.312588,15.59381
23.6100006103516,806.648077,16.048239
23.7099990844727,807.939958,15.752615
23.7999992370605,808.222487,15.50231
24.1299991607666,809.232756,15.461828
24.1000003814697,809.837605,15.670832
24.0599994659424,810.856071,15.634907
23.8899993896484,811.80311,15.601798
23.7000007629395,812.148616,15.355999
23.7399997711182,812.494118,15.110181
23.7700004577637,813.116771,14.620809
23.4400005340576,814.110805,14.594322
23.4699993133545,814.413483,14.351728
23.8099994659424,815.432345,14.330078
23.5400009155273,816.032097,14.553692
23.3899993896484,816.381082,14.312885
23.1299991607666,817.328532,14.298588
23.0499992370605,818.309696,13.58187
23.1200008392334,819.328865,13.575563
23.1499996185303,819.610638,13.33862
23.4099998474121,820.315966,12.867814
23.3999996185303,820.668751,12.632372
23.5100002288818,821.620423,12.635484
24.0799999237061,821.974376,12.401923
23.8400001525879,824.283142,11.489152
23.9699993133545,824.639707,11.259479
23.9799995422363,825.291649,10.803964
23.75,827.626538,9.928828
23.6900005340576,827.987006,9.705361
23.7299995422363,828.290867,9.482332
23.8199996948242,828.652609,9.26106
23.6599998474121,829.309257,9.521597
23.5699996948242,829.977795,9.082702
23.1200008392334,830.575382,9.347657
23.1599998474121,832.631911,8.755033
22.9899997711182,832.943771,8.541917
23.1700000762939,833.593743,8.818638
23.1499996185303,835.512625,8.963253
23.25,836.196398,8.550164
22.8299999237061,837.155104,8.635903
23.2099990844727,838.112133,8.728004
23.1200008392334,838.859892,8.327583
22.6399993896484,839.817956,8.4312
23.0300006866455,840.137709,8.23516
23.3700008392334,840.774252,8.541484
23.4400005340576,841.094368,8.347926
23.3600006103516,841.728875,8.65854
23.1599998474121,842.428413,8.277512
22.9500007629395,843.002557,8.59417
23.5699996948242,843.954063,8.727807
23.2900009155273,845.286707,8.686193
23.3500003814697,845.851898,9.016387
23.7399997711182,847.183541,8.99417
23.7099990844727,847.51048,8.81874
23.5300006866455,848.129556,9.158854
22.8899993896484,848.457169,8.986501
22.3700008392334,849.013547,9.330917
23.2999992370605,850.346082,9.34332
23.0200004577637,850.693807,9.176308
23.0599994659424,851.622002,9.368316
23.0799999237061,853.29585,9.248291
23.1100006103516,855.578077,9.523171
23.1700000762939,856.125279,9.899758
22.3799991607666,860.061531,10.176571
22.8199996948242,860.422795,10.03522
22.9500007629395,861.373546,10.288645
22.8899993896484,861.7742,10.149658
22.7999992370605,862.695751,10.40872
22.6599998474121,864.431147,10.401344
22.6800003051758,864.990407,10.802847
22.7600002288818,866.356969,10.939312
22.7900009155273,866.744224,10.806825
23.4799995422363,867.714118,11.079372
23.2999992370605,868.511707,10.815978
23.0100002288818,868.90972,10.684461
22.7299995422363,869.313012,10.553066
22.8199996948242,869.889566,10.958832
22.9899997711182,870.292768,10.827501
23.2600002288818,872.095473,10.838463
22.9799995422363,872.674267,11.243479
22.8299999237061,873.506518,10.978886
23.0,873.909174,10.846051
22.8199996948242,876.340289,11.248506
23.0900001525879,878.184623,11.238693
23.1399993896484,878.801861,11.635096
23.0499992370605,879.638518,11.357481
23.4400005340576,881.943111,11.184488
23.4400005340576,882.973342,11.427972
23.2600002288818,883.371902,11.2829
23.1700000762939,884.205631,10.990915
22.9099998474121,885.661837,11.077942
23.0799999237061,886.882166,10.630131
23.1000003814697,891.358965,10.163482
23.6599998474121,891.753902,10.009247
23.5699996948242,892.954641,9.545196
23.4799995422363,894.372799,9.604247
23.2399997711182,895.960752,8.979177
23.5100002288818,897.76317,8.876025
23.2299995422363,898.951053,8.403632
23.1000003814697,899.350095,8.246009
23.0900001525879,900.928261,7.61433
23.2999992370605,902.11148,7.139908
23.1900005340576,902.506796,6.981702
23.3299999237061,903.293426,6.665078
23.3400001525879,903.687817,6.506751
23.2900009155273,904.081094,6.34838
23.5699996948242,904.868043,6.031633
23.7600002288818,905.261314,5.873249
23.3700008392334,906.834232,5.2398
23.6800003051758,907.22662,5.081512
23.3899993896484,907.830809,5.447324
23.2399997711182,908.222626,5.289111
23.1800003051758,909.400961,4.814749
23.1900005340576,911.967346,4.392223
23.3999996185303,913.145544,3.919984
23.4099998474121,913.93021,3.605607
23.2999992370605,914.32409,3.448662
23.2399997711182,915.109051,3.134955
23.4599990844727,915.503077,2.978371
23.4200000762939,915.89713,2.821786
23.2999992370605,918.070594,2.566735
23.2900009155273,918.464975,2.410982
23.1700000762939,919.645819,1.945132
23.7099990844727,921.031052,2.00693
23.5799999237061,921.426033,1.852697
23.3400001525879,921.821015,1.698463
23.2199993133545,922.608934,1.390751
23.1399993896484,923.793115,0.930517
23.1900005340576,924.582985,0.624482
23.4300003051758,927.159323,0.239825
23.2399997711182,927.756732,0.616693
23.1100006103516,928.152954,0.465682
23.0300006866455,928.945089,0.164895
22.9799995422363,929.937522,0.393381
22.9699993133545,930.731122,0.094399
23.0100002288818,932.119944,0.177295
23.3299999237061,932.914776,-0.118391
23.2999992370605,936.694678,-0.905901
23.3999996185303,937.893159,-1.339776
23.4899997711182,938.291921,-1.483949
23.4099998474121,939.09386,-1.770985
23.4300003051758,939.897376,-2.057308
23.3199996948242,941.502261,-2.625148
23.4500007629395,943.296849,-2.654764
23.6399993896484,944.50614,-3.07305
23.5799999237061,945.500482,-2.816286
23.4200000762939,946.302504,-3.091807
23.3999996185303,947.114419,-3.365714
23.4400005340576,947.697809,-2.967493
23.5699996948242,948.108497,-3.103503
23.8700008392334,949.548224,-4.179577
23.9799995422363,950.352736,-4.447893
23.8999996185303,951.17195,-4.714562
23.8099994659424,952.396296,-5.11205
23.7600002288818,952.799343,-5.243664
23.6000003814697,954.026991,-5.636447
23.5799999237061,954.853646,-5.896797
23.4500007629395,955.833311,-5.616542
23.5400009155273,956.66115,-5.872791
23.6399993896484,958.064009,-5.715073
23.6599998474121,958.468866,-5.841253
23.6700000762939,959.705264,-6.217207
23.6800003051758,960.944719,-6.589435
23.6900005340576,961.350424,-6.712727
23.7199993133545,961.756116,-6.836013
23.7900009155273,962.349537,-6.416774
23.9099998474121,963.593242,-6.780792
23.9799995422363,964.840089,-7.140924
24.0400009155273,965.247145,-7.259687
24.0200004577637,966.090129,-7.497119
24.0699996948242,967.061277,-7.188587
24.0799999237061,967.905314,-7.421411
24.1100006103516,968.313273,-7.537006
24.1700000762939,969.720384,-7.337196
24.2000007629395,970.567779,-7.564441
24.2199993133545,971.385561,-7.789085
24.3199996948242,971.794388,-7.901392
24.3600006103516,973.20226,-7.688066
24.3999996185303,975.05059,-7.576989
24.4899997711182,975.460841,-7.684198
24.5499992370605,975.871094,-7.791397
24.5699996948242,977.277078,-7.561995
24.6100006103516,978.132304,-7.77107
24.8500003814697,979.092691,-7.430588
24.9300003051758,979.53711,-7.532743
25.0200004577637,980.806996,-7.837692
25.1000003814697,981.764355,-7.488714
25.1499996185303,982.210826,-7.588513
25.1800003051758,982.623315,-7.686661
25.2000007629395,983.035811,-7.784796
25.2199993133545,983.448337,-7.882918
25.2299995422363,984.438646,-7.526051
25.2399997711182,984.851655,-7.622282
25.2600002288818,985.713915,-7.812209
25.3099994659424,986.127316,-7.906525
25.2999992370605,987.942957,-7.727012
25.3299999237061,988.394115,-7.818359
25.3600006103516,990.208502,-7.625522
25.3700008392334,990.623214,-7.713915
25.3600006103516,991.037924,-7.802294
25.3799991607666,992.43651,-7.508991
25.3999996185303,992.889242,-7.594614
25.3700008392334,993.304802,-7.678937
25.3799991607666,993.832648,-7.209598
25.3999996185303,994.28473,-7.293818
25.4200000762939,996.093986,-7.067085
25.4300003051758,996.926745,-7.227334
25.4200000762939,997.380539,-7.307264
25.4599990844727,998.214076,-7.463265
25.4500007629395,998.630891,-7.541245
25.4400005340576,999.087154,-7.618223
25.4699993133545,999.605359,-7.13825
25.4400005340576,1001.313036,-7.437018
25.4200000762939,1001.730634,-7.510654
25.3999996185303,1002.606366,-7.654741
25.3799991607666,1003.024332,-7.726176
25.3999996185303,1003.902309,-7.867208
25.4099998474121,1005.619648,-8.141346
25.3899993896484,1006.457069,-8.275218
25.3999996185303,1006.921294,-8.340924
25.3600006103516,1008.092364,-9.093205
25.3199996948242,1009.483805,-8.722177
25.3500003814697,1010.371819,-8.843979
25.3899993896484,1011.211334,-8.963988
25.3999996185303,1012.101008,-9.080362
25.3999996185303,1012.941102,-9.195723
25.4400005340576,1013.411445,-9.251343
25.4599990844727,1014.252217,-9.362164
25.4500007629395,1014.722972,-9.417013
25.4799995422363,1015.143624,-9.470197
25.5499992370605,1017.366087,-9.169506
25.6000003814697,1018.256023,-9.269156
25.6200008392334,1018.677132,-9.317931
25.6299991607666,1019.56755,-9.414745
25.6000003814697,1020.472614,-8.946504
25.5900001525879,1021.723257,-9.644453
25.5699996948242,1022.204178,-9.127147
25.5900001525879,1022.671158,-9.171558
25.5300006866455,1023.093119,-9.214
25.5599994659424,1023.936818,-9.29884
25.5400009155273,1025.248425,-9.421384
25.5400009155273,1026.560474,-9.539325
25.5699996948242,1026.98278,-9.577667
25.5300006866455,1028.669392,-10.288275
25.5,1029.091851,-10.324605
25.4899997711182,1029.562483,-10.359107
25.4799995422363,1030.407731,-10.427873
25.4899997711182,1030.878342,-10.461869
25.4300003051758,1033.040235,-10.621384
25.3799991607666,1033.463162,-10.651918
25.3999996185303,1033.886074,-10.682439
25.3600006103516,1034.77977,-10.740397
25.3500003814697,1035.202801,-10.769045
25.3600006103516,1035.625853,-10.797679
25.3299999237061,1036.94276,-10.87829
25.3199996948242,1037.803143,-11.493811
25.3099994659424,1038.226417,-11.518778
25.3199996948242,1039.122413,-11.568256
25.3600006103516,1039.969119,-11.614587
25.3700008392334,1040.392505,-11.637731
25.3400001525879,1041.288506,-11.681475
25.2999992370605,1041.683488,-12.26706
25.2900009155273,1042.106929,-12.28842
25.2600002288818,1043.005128,-12.328393
25.2099990844727,1043.42868,-12.348006
25.2000007629395,1044.326503,-12.385861
25.1599998474121,1044.750157,-12.403751
25.1700000762939,1046.473541,-13.036392
25.1000003814697,1047.777557,-13.647583
25.0699996948242,1048.625046,-13.676541
25.0799999237061,1049.526618,-13.703371
25.0699996948242,1050.836521,-14.305752
25.0599994659424,1052.10813,-14.339256
25.0400009155273,1053.422149,-14.933287
25.0300006866455,1054.750445,-14.959047
25.0100002288818,1056.06978,-15.546174
25.0200004577637,1057.816851,-16.134698
25.0400009155273,1058.24074,-16.139493
25.0200004577637,1058.664734,-16.144274
25.0400009155273,1059.56727,-16.716739
24.9599990844727,1060.410957,-17.288133
24.9799995422363,1060.897206,-17.29063
24.9300003051758,1061.742947,-17.859006
24.8799991607666,1063.502186,-18.426769
24.8999996185303,1063.925973,-18.991892
24.8799991607666,1065.266611,-19.553181
24.8600006103516,1065.758513,-19.551763
24.8799991607666,1066.186195,-20.113949
24.8999996185303,1067.034214,-20.108436
24.9099998474121,1068.386572,-21.226652
24.8700008392334,1070.162022,-21.771053
24.9200000762939,1070.58601,-21.765386
24.8999996185303,1071.949879,-22.874234
24.9200000762939,1072.449808,-22.867114
24.9400005340576,1074.259937,-24.527207
24.8700008392334,1077.351645,-26.147398
24.8899993896484,1078.724006,-26.674404
24.9200000762939,1079.67504,-27.212226
24.8999996185303,1081.47613,-27.718995
24.9500007629395,1082.323565,-27.688382
24.9599990844727,1082.855822,-28.236592
24.9300003051758,1083.703025,-28.203362
24.9099998474121,1084.637477,-28.168737
24.8999996185303,1085.508634,-28.69731
24.8700008392334,1086.443425,-28.659687
24.8500003814697,1087.290592,-28.621233
24.8199996948242,1088.251694,-29.144986
24.8299999237061,1089.638384,-29.646441
24.7700004577637,1090.061814,-29.624677
24.8099994659424,1090.485403,-29.602895
24.7900009155273,1092.841817,-30.615935
24.7800006866455,1094.23479,-31.107005
24.7900009155273,1095.538503,-31.594401
24.7800006866455,1097.910527,-32.587929
24.7900009155273,1098.333783,-32.55999
24.7700004577637,1099.695194,-32.474683
24.7700004577637,1102.364992,-32.859042
24.7600002288818,1102.879795,-32.82762
24.7999992370605,1103.683481,-32.201193
24.7600002288818,1104.195586,-32.169482
24.7700004577637,1104.618357,-32.136799
24.7299995422363,1105.463849,-32.071386
24.7900009155273,1105.974921,-32.038146
24.8400001525879,1108.175454,-31.866765
24.8500003814697,1108.598019,-31.831735
24.8299999237061,1109.10696,-31.796569
24.8799991607666,1109.951893,-31.724249
24.8600006103516,1110.374368,-31.688066
24.8700008392334,1111.304557,-31.614091
24.8799991607666,1111.726955,-31.576778
24.8700008392334,1112.149324,-31.53945
24.9200000762939,1114.059323,-31.948256
24.8999996185303,1114.903645,-31.86914
24.9500007629395,1117.659198,-32.187704
24.9599990844727,1118.503093,-32.104109
24.9500007629395,1119.008665,-32.061793
24.9599990844727,1120.2743,-31.933097
24.9400005340576,1120.779105,-31.889277
24.9599990844727,1121.200838,-31.845291
24.9699993133545,1121.622565,-31.80129
24.9799995422363,1124.377208,-32.091417
24.9500007629395,1125.365007,-32.560269
24.9799995422363,1125.786395,-32.513036
24.9699993133545,1128.104372,-33.396329
24.9400005340576,1128.61011,-33.347458
24.9099998474121,1130.024595,-33.76024
24.9400005340576,1130.512913,-34.27073
24.8799991607666,1130.933909,-34.220277
24.9200000762939,1131.861658,-34.118567
24.9200000762939,1134.191073,-34.979807
24.8899993896484,1135.119751,-34.873554
24.8999996185303,1136.032437,-35.326703
24.8899993896484,1136.540945,-35.272311
24.8999996185303,1137.963838,-35.668056
24.8500003814697,1139.388476,-36.060773
24.8199996948242,1139.808758,-36.004036
24.7900009155273,1140.814969,-36.450447
24.7800006866455,1141.234852,-36.392675
24.75,1141.655149,-36.334885
24.7399997711182,1142.152035,-36.836742
24.7000007629395,1144.092645,-37.160753
24.7099990844727,1145.012217,-37.600306
24.6700000762939,1146.525586,-38.536528
24.6599998474121,1147.542057,-38.972287
24.6499996185303,1148.979765,-39.343989
24.6200008392334,1149.482897,-39.839696
24.6399993896484,1151.008897,-40.765454
24.6100006103516,1152.033736,-41.194365
24.6000003814697,1153.060805,-41.622081
24.5900001525879,1153.479687,-41.556039
24.5699996948242,1153.567692,-42.114083
24.5799999237061,1153.986431,-42.048016
24.5599994659424,1155.016817,-42.472276
24.5699996948242,1155.435438,-42.405179
24.5400009155273,1156.377044,-42.269569
24.5499992370605,1156.795469,-42.201444
24.5300006866455,1157.317993,-42.133113
24.5200004577637,1158.770256,-42.482808
24.5400009155273,1160.129382,-42.272191
24.5499992370605,1160.547612,-42.200991
24.5300006866455,1161.584386,-42.615303
24.5400009155273,1162.002281,-42.543062
24.5200004577637,1163.556802,-43.4381
24.5699996948242,1164.500533,-43.291087
24.6000003814697,1165.434167,-43.698579
24.5599994659424,1165.961307,-43.623671
24.6000003814697,1168.993408,-44.833406
24.6299991607666,1170.671821,-46.265068
24.6000003814697,1171.624712,-46.106853
24.5900001525879,1172.686525,-46.502072
24.5900001525879,1173.626379,-46.89517
24.5900001525879,1174.693186,-47.286135
24.5900001525879,1176.840164,-48.062356
24.5900001525879,1179.534773,-49.297138
24.5599994659424,1179.949868,-49.210618
24.5499992370605,1181.039878,-49.588826
24.5400009155273,1181.71971,-50.05369
24.5499992370605,1182.134404,-49.964777
24.5300006866455,1183.647665,-50.248211
24.5200004577637,1184.215025,-50.157957
24.5,1185.858698,-50.985667
24.4899997711182,1186.971134,-51.350575
24.5,1187.961757,-51.162343
24.4699993133545,1188.374844,-51.067023
24.4599990844727,1188.788086,-50.971641
24.4500007629395,1189.366166,-50.87557
24.4300003051758,1189.908166,-51.328932
24.4200000762939,1190.489329,-51.231787
24.4300003051758,1191.616794,-51.585114
24.4500007629395,1192.02904,-51.485724
24.4300003051758,1194.434538,-52.728869
24.4099998474121,1196.446599,-52.31545
24.3799991607666,1197.738192,-53.1989
24.3899993896484,1198.148444,-53.092325
24.3600006103516,1198.290453,-53.639113
24.3999996185303,1200.465006,-53.751173
24.3299999237061,1202.242022,-53.963387
24.3299999237061,1203.415604,-54.28195
24.3299999237061,1204.748187,-55.140122
24.2999992370605,1205.155918,-55.024346
24.2800006866455,1206.557506,-55.332696
24.25,1207.122923,-55.756126
24.2800006866455,1207.750684,-55.636712
24.2299995422363,1208.317885,-56.057859
24.2299995422363,1208.948279,-55.936454
24.2299995422363,1210.315797,-56.772159
24.2000007629395,1211.692365,-57.601973
24.2299995422363,1212.334421,-57.475111
24.2199993133545,1213.148855,-57.886502
24.2600002288818,1214.372965,-58.166118
24.2199993133545,1215.601139,-58.440874
24.25,1216.833822,-58.710668
24.2299995422363,1217.668922,-59.111124
24.2199993133545,1218.91082,-59.372524
24.2299995422363,1220.607015,-60.161495
24.25,1221.006424,-60.020588
24.2099990844727,1222.928403,-60.123168
24.2199993133545,1224.858011,-60.21432
24.2099990844727,1226.997521,-60.821292
24.2000007629395,1228.757744,-61.567699
24.1599998474121,1229.644559,-61.937523
24.2000007629395,1231.43175,-62.670168
24.2000007629395,1232.722705,-62.870535
24.1700000762939,1234.016706,-63.064671
24.1599998474121,1234.922673,-63.418885
24.1700000762939,1235.608745,-63.251828
24.1900005340576,1236.519573,-63.601951
24.2000007629395,1237.662969,-64.466119
24.1700000762939,1238.050605,-64.294394
24.1700000762939,1243.331146,-67.690672
24.2199993133545,1244.9701,-67.833669
24.1700000762939,1245.599578,-68.155484
24.1599998474121,1247.49253,-68.791335
24.1900005340576,1248.186889,-68.600747
24.2000007629395,1250.084429,-69.221668
24.2000007629395,1252.361594,-69.632935
24.1900005340576,1255.625534,-69.821266
24.1800003051758,1256.573575,-70.111057
24.1800003051758,1258.560048,-69.98166
24.2099990844727,1258.929117,-69.772188
24.2199993133545,1259.872895,-70.051761
24.1900005340576,1262.492201,-69.685978
24.1800003051758,1263.428889,-69.955862
24.1800003051758,1263.792211,-69.738759
24.1900005340576,1264.435222,-69.520536
24.1800003051758,1265.728536,-69.565082
24.1700000762939,1268.570916,-69.636262
24.1499996185303,1269.191659,-69.411213
24.1700000762939,1269.491794,-69.889648
24.1200008392334,1272.896098,-69.70216
24.1499996185303,1274.157158,-69.713712
24.1499996185303,1274.512478,-69.481777
24.1399993896484,1275.415574,-69.720737
24.1299991607666,1277.562593,-69.957318
24.1800003051758,1278.177495,-69.015212
24.1700000762939,1277.825523,-69.251764
24.1499996185303,1279.380509,-69.714214
24.1700000762939,1282.903259,-70.618076
24.1800003051758,1283.573814,-70.84011
24.1599998474121,1284.447613,-71.060191
24.1800003051758,1285.317354,-71.278788
24.1599998474121,1286.184641,-71.495946
24.1700000762939,1287.907909,-71.926109
24.1499996185303,1288.581442,-72.13902
24.1499996185303,1290.635101,-72.312263
24.1700000762939,1291.48409,-72.52046
24.1599998474121,1291.827698,-72.271234
24.1399993896484,1294.344669,-73.593229
24.1700000762939,1295.179887,-73.796391
24.1499996185303,1295.520667,-73.544154
24.1900005340576,1296.351718,-73.745646
24.1599998474121,1297.516348,-74.398961
24.1700000762939,1299.018249,-74.795733
24.1599998474121,1302.151531,-76.28459
24.1399993896484,1302.961492,-76.478114
24.1299991607666,1304.104814,-76.41366
24.1499996185303,1304.785052,-76.605342
24.1399993896484,1305.243888,-76.347497
24.1499996185303,1305.924029,-76.538095
24.1599998474121,1308.19649,-77.105242
24.1200008392334,1308.986134,-77.292822
24.1499996185303,1310.453741,-77.666608
24.1599998474121,1311.223948,-77.146139
24.1499996185303,1312.33633,-77.070907
24.1599998474121,1313.444295,-76.994504
24.1399993896484,1314.213563,-77.178422
24.1200008392334,1314.895954,-77.361789
24.1299991607666,1315.312821,-77.100226
24.1499996185303,1315.646644,-76.83844
24.1200008392334,1317.831242,-76.678432
24.1399993896484,1319.267306,-77.040499
24.1499996185303,1320.682419,-76.694984
24.1399993896484,1323.166577,-76.263742
24.0900001525879,1325.98626,-76.271066
24.0900001525879,1327.028295,-75.478374
24.1000003814697,1327.755373,-75.65573
24.0799999237061,1328.087338,-75.391303
24.0900001525879,1329.47283,-75.03919
24.0799999237061,1330.192588,-75.215877
24.1000003814697,1330.524215,-74.951117
24.0699996948242,1331.571805,-74.862686
24.0499992370605,1332.616594,-74.773927
24.0599994659424,1334.650337,-73.889425
24.0499992370605,1335.003602,-73.62427
24.0699996948242,1335.333998,-73.359021
24.0599994659424,1335.664818,-73.093772
24.0599994659424,1335.311872,-72.653003
24.0699996948242,1335.642592,-72.387754
24.0300006866455,1335.973679,-72.122505
24.0599994659424,1336.345433,-72.56326
24.2600002288818,1336.322997,-71.857247
24.2999992370605,1337.00745,-72.032588
24.4500007629395,1339.089309,-72.558257
24.4699993133545,1339.420386,-72.292787
24.4500007629395,1340.104813,-72.467851
24.4599990844727,1340.444943,-72.202357
24.4899997711182,1342.836836,-72.461614
24.4500007629395,1344.873882,-72.280161
24.4699993133545,1346.242161,-72.629824
24.4400005340576,1346.572834,-72.364243
24.4599990844727,1346.902962,-72.098663
24.4300003051758,1348.245597,-71.742384
24.4200000762939,1349.931487,-71.826657
24.4300003051758,1350.616117,-72.001649
24.4200000762939,1351.974728,-72.351727
24.4899997711182,1352.658584,-72.526818
24.5300006866455,1353.992085,-72.171213
24.4899997711182,1354.992036,-72.081193
24.5200004577637,1355.658728,-72.256553
24.5100002288818,1355.989789,-71.991302
24.5,1358.331549,-71.546916
24.4899997711182,1358.99407,-71.722749
24.5,1361.637666,-71.014877
24.4899997711182,1361.968747,-70.75004
24.4799995422363,1365.973924,-70.397904
24.5,1366.958824,-70.310636
24.4799995422363,1367.311253,-70.752278
24.4899997711182,1367.610898,-70.487853
24.5,1368.2938,-70.665381
24.4899997711182,1369.958717,-70.756554
24.5100002288818,1370.641907,-70.934411
24.4899997711182,1371.290006,-71.112573
24.4599990844727,1372.931461,-70.499288
24.4699993133545,1373.614566,-70.677858
24.4400005340576,1376.600015,-71.130593
24.4699993133545,1377.240197,-71.310053
24.4400005340576,1378.606658,-71.669565
24.4200000762939,1378.894464,-71.406511
24.3999996185303,1380.897322,-71.947438
24.4099998474121,1381.580543,-72.128055
24.4099998474121,1382.898864,-72.489926
24.4200000762939,1384.89737,-73.034018
24.4500007629395,1388.206513,-73.944686
24.4300003051758,1389.182784,-74.571947
24.4200000762939,1390.213636,-75.199557
24.3999996185303,1391.521349,-75.566449
24.4300003051758,1391.855862,-75.305084
24.3999996185303,1393.50942,-76.1181
24.3899993896484,1394.479226,-76.747822
24.3700008392334,1396.797455,-77.041699
24.3400001525879,1397.416397,-77.226911
24.3500003814697,1397.751656,-76.96661
24.3400001525879,1398.08579,-76.706307
24.3400001525879,1398.767307,-76.891975
24.3299999237061,1399.093786,-76.63167
24.3299999237061,1401.363751,-77.63705
24.2999992370605,1401.375097,-78.34335
24.2999992370605,1402.682987,-78.716986
24.2800006866455,1404.367948,-78.832309
24.2600002288818,1404.979869,-79.020156
24.25,1405.325169,-79.467308
24.2199993133545,1405.671143,-79.914458
24.2399997711182,1406.016203,-80.361606
24.25,1406.324235,-80.808769
24.2199993133545,1407.657932,-81.892257
24.2199993133545,1408.162299,-82.528298
24.2000007629395,1408.162299,-83.423209
24.2099990844727,1408.162299,-83.352924
24.2099990844727,1408.162299,-83.80038
24.2000007629395,1408.162299,-84.436421
24.1700000762939,1408.162299,-85.072463
24.1700000762939,1408.162299,-85.261049
24.1700000762939,1408.162299,-85.638221
24.1700000762939,1408.162299,-85.826807
24.1599998474121,1408.162299,-85.567938
24.1299991607666,1408.162299,-86.699458
24.1499996185303,1408.162299,-86.440588
24.1399993896484,1408.162299,-86.629175
24.1100006103516,1408.162299,-86.370306
24.1200008392334,1408.162299,-86.817762
24.1200008392334,1408.162299,-87.572112
24.1000003814697,1408.162299,-87.760699
24.0699996948242,1408.162299,-87.620137
24.0799999237061,1408.162299,-87.808725
24.0499992370605,1408.162299,-87.549855
24.0699996948242,1408.162299,-87.290986
24.0799999237061,1408.162299,-87.668163
24.0599994659424,1408.162299,-87.409293
24.0400009155273,1408.162299,-87.339013
24.0300006866455,1408.162299,-87.527601
24.0200004577637,1408.162299,-87.268732
24.0100002288818,1408.162299,-87.316761
24.0,1408.162299,-87.882528
23.9599990844727,1408.162299,-89.014066
23.9599990844727,1408.162299,-88.943787
23.9400005340576,1408.162299,-89.320968
23.9300003051758,1408.162299,-89.43928
23.9500007629395,1408.162299,-90.075329
23.9500007629395,1408.162299,-90.89997
23.9200000762939,1408.162299,-91.277152
23.9599990844727,1408.162299,-92.549254
23.9400005340576,1408.162299,-92.996714
23.9500007629395,1408.162299,-92.926437
23.9599990844727,1408.162299,-93.373897
23.9300003051758,1408.162299,-93.562489
23.9200000762939,1408.162299,-94.009949
23.9500007629395,1408.162299,-94.387133
23.8899993896484,1408.162299,-94.575725
23.9599990844727,1408.162299,-95.211777
23.9500007629395,1408.162299,-95.659238
23.9599990844727,1408.162299,-95.40037
23.9899997711182,1408.162299,-95.777555
23.9500007629395,1408.162299,-95.70728
23.9400005340576,1408.162299,-96.343334
23.9400005340576,1408.162299,-96.72052
23.9599990844727,1408.162299,-97.097706
23.9400005340576,1408.162299,-97.2863
23.9599990844727,1408.162299,-97.216026
23.9400005340576,1408.162299,-97.40462
23.9400005340576,1408.162299,-97.593213
23.9500007629395,1408.162299,-97.781807
23.9599990844727,1408.162299,-98.158995
23.9699993133545,1408.162299,-98.983645
23.9599990844727,1408.162299,-98.724778
23.9500007629395,1408.162299,-99.17224
23.9599990844727,1408.162299,-98.913373
23.9400005340576,1408.162299,-99.360835
23.9699993133545,1408.162299,-99.549429
23.9599990844727,1408.162299,-99.290562
23.9500007629395,1408.162299,-99.738024
23.9699993133545,1408.162299,-100.044942
24.0,1408.162299,-100.422132
23.9899997711182,1408.162299,-99.904399
24.0,1408.162299,-100.092994
24.0100002288818,1408.162299,-99.834127
23.9799995422363,1408.162299,-98.868931
24.0200004577637,1408.162299,-99.316394
24.0,1408.162299,-99.575261
23.9899997711182,1408.162299,-101.365111
24.0200004577637,1408.162299,-101.106244
24.0100002288818,1408.162299,-99.952452
24.0100002288818,1408.162299,-99.057527
23.9799995422363,1408.162299,-98.610064
23.9899997711182,1408.162299,-98.162602
24.0100002288818,1408.162299,-97.267677
24.0,1408.162299,-96.820215
23.9599990844727,1408.162299,-94.653176
24.0,1408.162299,-93.31079
23.9799995422363,1408.162299,-92.415866
23.9699993133545,1408.162299,-92.227272
23.9799995422363,1408.162299,-91.143754
23.9599990844727,1408.162299,-90.696292
23.9899997711182,1408.162299,-90.24883
23.9599990844727,1408.162299,-89.753323
23.9400005340576,1408.162299,-89.564729
23.9500007629395,1408.162299,-89.117268
23.9400005340576,1408.162299,-88.669807
23.9400005340576,1408.162299,-85.53758
23.9200000762939,1408.162299,-84.901526
23.9500007629395,1408.162299,-83.300275
23.9300003051758,1408.162299,-82.852815
23.9200000762939,1408.162299,-82.405354
23.9200000762939,1408.162299,-81.699025
23.9599990844727,1408.162299,-81.251564
23.9099998474121,1408.162299,-77.483289
23.9400005340576,1408.162299,-76.329499
23.9099998474121,1408.162299,-75.62317
23.9200000762939,1408.162299,-75.17571
23.9099998474121,1408.162299,-74.021921
23.9200000762939,1408.162299,-73.574461
23.9200000762939,1408.162299,-72.23208
23.9300003051758,1408.162299,-72.043489
23.9400005340576,1408.162299,-71.33716
23.9300003051758,1408.162299,-70.8897
23.9300003051758,1408.162299,-69.547321
23.9400005340576,1408.162299,-68.652401
23.9200000762939,1408.162299,-66.862562
23.9500007629395,1408.162299,-65.967643
23.9400005340576,1408.162299,-64.436675
23.9300003051758,1408.162299,-62.905707
23.9200000762939,1408.162299,-62.717118
23.9500007629395,1408.162299,-59.067164
23.9400005340576,1408.162299,-58.619706
23.9500007629395,1408.162299,-58.360836
23.9599990844727,1408.162299,-57.465918
23.9400005340576,1408.162299,-57.018459
23.9599990844727,1408.162299,-56.571
23.9400005340576,1408.162299,-54.781165
23.9500007629395,1408.162299,-54.333706
23.9300003051758,1408.162299,-53.886247
23.9500007629395,1408.162299,-53.438789
23.9400005340576,1408.162299,-53.697659
23.9300003051758,1408.162299,-52.802742
23.9500007629395,1408.162299,-53.061613
23.9400005340576,1408.162299,-52.614154
23.9500007629395,1408.162299,-51.719237
23.9400005340576,1408.162299,-49.999687
23.9200000762939,1408.162299,-49.8111
23.9400005340576,1408.162299,-49.622513
23.9200000762939,1408.162299,-48.797881
24.0300006866455,1408.162299,-49.127036
24.0100002288818,1408.162299,-48.938449
24.0300006866455,1408.162299,-49.337889
24.0200004577637,1408.162299,-49.59676
24.0200004577637,1408.162299,-48.960716
24.0300006866455,1408.162299,-45.710217
24.0300006866455,1408.162299,-44.367846
24.0499992370605,1408.162299,-44.179261
24.0599994659424,1408.162299,-42.836891
24.0499992370605,1408.162299,-41.941978
24.0400009155273,1408.162299,-41.494522
24.0599994659424,1408.162299,-41.305937
24.0699996948242,1408.162299,-40.858481
24.0400009155273,1408.162299,-40.411024
24.0699996948242,1408.162299,-40.22244
24.0599994659424,1408.162299,-39.774984
24.0900001525879,1408.162299,-37.349119
24.1000003814697,1408.162299,-36.901663
24.1200008392334,1408.162299,-35.818168
24.1200008392334,1408.162299,-35.182129
24.1100006103516,1408.162299,-34.734673
24.1000003814697,1408.162299,-32.94485
24.1399993896484,1408.162299,-33.203723
24.1100006103516,1408.162299,-32.756267
24.1399993896484,1408.162299,-32.308812
24.1299991607666,1408.029787,-31.672774
24.1499996185303,1406.324234,-29.435502
24.1499996185303,1405.298408,-28.094047
24.1200008392334,1404.953217,-27.646896
24.1599998474121,1404.607838,-27.199744
24.1200008392334,1404.285719,-26.752787
24.1100006103516,1403.940031,-26.305938
24.1200008392334,1402.243211,-24.778382
24.1299991607666,1401.193913,-22.732417
24.1599998474121,1400.866604,-22.285883
24.1700000762939,1400.520159,-21.839622
24.1399993896484,1399.838732,-21.65339
24.1399993896484,1399.145788,-20.760863
24.1700000762939,1396.762267,-18.345737
24.1800003051758,1394.691765,-15.672284
24.1499996185303,1393.646499,-13.629916
24.1800003051758,1393.284811,-12.478523
24.1900005340576,1392.936878,-12.033381
24.1800003051758,1391.91566,-11.404339
24.1800003051758,1390.537096,-10.331079
24.2000007629395,1389.847724,-9.441722
24.1800003051758,1389.499152,-8.997109
24.2000007629395,1388.459036,-7.663418
24.2199993133545,1388.110126,-7.219061
24.2000007629395,1386.766136,-7.560433
24.2299995422363,1387.458468,-8.449002
24.1900005340576,1387.124951,-8.710863
24.2000007629395,1388.489857,-9.075855
24.1900005340576,1389.832861,-8.735492
24.1900005340576,1390.842294,-8.657232
24.2099990844727,1391.524482,-8.840742
24.1599998474121,1391.858381,-8.579376
24.1499996185303,1393.202051,-8.241013
24.1800003051758,1394.853886,-6.230028
24.1800003051758,1395.188195,-5.96918
24.1599998474121,1397.17786,-3.699122
24.1399993896484,1397.844312,-3.178385
24.1599998474121,1398.836419,-1.691178
24.1499996185303,1399.181476,-2.137224
24.1299991607666,1399.169953,-1.43093
24.1200008392334,1398.788006,1.133956
24.1399993896484,1398.77591,1.84024
24.1599998474121,1399.112376,2.100536
24.1399993896484,1399.447314,2.360567
24.1399993896484,1400.117203,2.880629
24.1499996185303,1401.449356,4.626571
24.1299991607666,1401.438459,5.332874
24.1100006103516,1403.130264,5.924934
24.1299991607666,1406.50772,7.811343
24.1299991607666,1408.162299,9.693758
24.1100006103516,1408.162299,10.869842
24.1200008392334,1408.162299,10.940135
24.1100006103516,1408.162299,11.199009
24.1000003814697,1408.162299,11.269301
24.1000003814697,1408.162299,11.409886
24.1100006103516,1408.162299,11.480178
24.0900001525879,1408.162299,11.361888
24.0799999237061,1408.162299,11.620762
24.1000003814697,1408.162299,11.831636
24.1000003814697,1408.162299,11.524761
24.0900001525879,1408.162299,11.476759
24.0799999237061,1408.162299,11.288176
24.0900001525879,1408.162299,11.240172
24.1000003814697,1408.162299,11.310461
24.0900001525879,1408.162299,10.744708
24.0799999237061,1408.162299,10.437828
24.0900001525879,1408.162299,10.508117
24.1200008392334,1408.162299,10.412098
24.1399993896484,1408.162299,10.741259
24.1499996185303,1408.162299,10.434374
24.0799999237061,1408.162299,10.057202
24.1700000762939,1408.162299,10.127488
24.1499996185303,1408.162299,10.268061
